<?xml version="1.0" encoding="UTF-8"?>
<project-private xmlns="http://www.netbeans.org/ns/project-private/1">
    <editor-bookmarks xmlns="http://www.netbeans.org/ns/editor-bookmarks/2" lastBookmarkId="0"/>
    <open-files xmlns="http://www.netbeans.org/ns/projectui-open-files/2">
        <group name="Group 20180913-08:52:24">
            <file>file:/E:/School%20Stuff/COE528/Final%20Project/BankAccountApplication/src/bankaccountapplication/CurrentUser.java</file>
            <file>file:/E:/School%20Stuff/COE528/Final%20Project/BankAccountApplication/src/bankaccountapplication/UserManager.java</file>
            <file>file:/E:/School%20Stuff/COE528/Final%20Project/BankAccountApplication/src/bankaccountapplication/BankAccountApplication.java</file>
            <file>file:/E:/School%20Stuff/COE528/Final%20Project/BankAccountApplication/src/bankaccountapplication/Initializer.java</file>
            <file>file:/E:/School%20Stuff/COE528/Final%20Project/BankAccountApplication/src/bankaccountapplication/Customer.java</file>
            <file>file:/E:/School%20Stuff/COE528/Final%20Project/BankAccountApplication/src/bankaccountapplication/Manager.java</file>
            <file>file:/E:/School%20Stuff/COE528/Final%20Project/BankAccountApplication/src/bankaccountapplication/User.java</file>
        </group>
    </open-files>
</project-private>
